<keymap version="1" name="GNOME copy" parent="Default for GNOME">
  <action id="ActivateCommitToolWindow" />
  <action id="ActivateVersionControlToolWindow" />
  <action id="ChangesView.GroupBy.Module" />
  <action id="Diff.PrevChange" />
  <action id="ExtractMethod" />
  <action id="MaximizeToolWindow">
    <keyboard-shortcut first-keystroke="ctrl alt m" />
  </action>
  <action id="PreviousEditorTab" />
  <action id="TodoViewGroupByShowModules" />
  <action id="UsageGrouping.Module" />
  <action id="com.jetbrains.python.console.RunPythonOrDebugConsoleAction">
    <keyboard-shortcut first-keystroke="alt 0" />
  </action>
  <action id="editRunConfigurations">
    <keyboard-shortcut first-keystroke="alt 9" />
  </action>
</keymap>