<keymap version="1" name="vga-vscode" parent="VSCode">
  <action id="ActivateDebugToolWindow">
    <keyboard-shortcut first-keystroke="shift ctrl d" />
  </action>
  <action id="ActivatePythonConsoleToolWindow">
    <keyboard-shortcut first-keystroke="shift ctrl y" />
  </action>
  <action id="AutoIndentLines" />
  <action id="CWMHostShowPopupAction" />
  <action id="CloseAllEditors">
    <keyboard-shortcut first-keystroke="shift ctrl w" />
  </action>
  <action id="CloseProject">
    <keyboard-shortcut first-keystroke="ctrl k" second-keystroke="f" />
  </action>
  <action id="EditorMatchBrace">
    <keyboard-shortcut first-keystroke="ctrl alt j" />
  </action>
  <action id="EditorSelectLine">
    <keyboard-shortcut first-keystroke="ctrl alt l" />
  </action>
  <action id="EditorUnSelectWord">
    <keyboard-shortcut first-keystroke="shift alt left" />
  </action>
  <action id="ExtractMethod" />
  <action id="GotoSymbol">
    <keyboard-shortcut first-keystroke="ctrl t" />
  </action>
  <action id="MaximizeToolWindow">
    <keyboard-shortcut first-keystroke="ctrl alt m" />
  </action>
  <action id="QuickJavaDoc">
    <keyboard-shortcut first-keystroke="ctrl alt i" />
  </action>
  <action id="SurroundWithLiveTemplate" />
  <action id="TodoViewGroupByShowModules" />
  <action id="ToggleFullScreen">
    <keyboard-shortcut first-keystroke="ctrl k" second-keystroke="f11" />
  </action>
  <action id="UsageGrouping.Module" />
</keymap>